path,id
favicon-16x16.png,OCTIUpwVFKNzTYDGRySFYooB8vaHv4aFr1S68c_foos
index.html,6bhEvfxtvXecRzH2F7P_fs97tfee7L0Dy4Q6O2YVYeg
favicon.ico,z0eU9QzzROy5xy07-micoGxZYo95Ws7HwwnuELjbEAU
.DS_Store,ey5W5Trc7h9pT0noYPekbM9IiMjd5BrZ6VXpXlciEbk
android-chrome-192x192.png,eiL7JrKVNT4Rri2iUlpCi-SNVBvwjTHxn4mN_ChE8xU
apple-touch-icon.png,dnQxL7j3BDR6_eCu96lztOXl8O5w-apFeZp6_AKZtkc
images/note_add.svg,vlrkUzho6pGdwTz0eyv6xKzvMQGlr8JULAUaHIGzygo
images/.DS_Store,0JRksmnFvPIqKM-ldgzxsf6BgRbkNKbAIwX31L9cbOo
images/Paid.svg,oprNvaEABteLuXOpDm7-s1xtobzZe52Mu1chi9DZtqQ
images/note.svg,i-OzGv7L8-eqWmNlmf38HAgiN6a51w0pqggBcuFmAF4
images/check.svg,v5s0Yj1urYLrQEB9Agw-wpihPRFaiWsVsp4P0qtenH0
images/wallet.svg,7jgMYkDoDDTn559zaYaWbJvrfC27Il8pnSM_GWQMV_s
images/purple_icons/account.svg,897FjITRBockuQ08kLCqmX4JcS-TRXSWX_wHnYZ10_o
images/purple_icons/receipt.svg,9Y0Ig2u9bwlxTCSyGBOlK7GfyNbJxyUnOLgtGvJb7vc
images/purple_icons/savings.svg,AxJNLz3plf9LNqLL6Tg0t-SZZRY2Z8RiwTrEWVIybkQ
images/purple_icons/note.svg,fHDCuaKiuvokwW2k90OZceKRg9gNzB5b8covBZUnluE
images/purple_icons/wallet.svg,TgCNZt1gEo1aY4vTa_3lh8Rlo6qgmwXzo86z5zgym9c
images/purple_icons/schedule.svg,wvVgOM_GfoSN5q4gYI8j03CEwzOUx9QzOlHU7XdwpY0
images/purple_icons/content_copy.svg,OQO2dXHxOnd1hIAjUku0nA_l-ZPcsyEHdz3LXVmZdL8
images/purple_icons/payments.svg,NR5-sh-v3ewLx0OVaxvihNYG5tKz3GSH-snykAdGkDc
images/content_copy.svg,3QtTdXABJ7QanL_UuMjZHLuKFYxRzKomNgkW0oUiTnk
images/Qpay Logo.svg,JWLlELrvXNYPoXODJidnattk6ZbJKzvF7lgpKCx5td4
images/Pay.svg,vYsOCdayPjmSPlpLy-ysI-af9IxLve9YfN1A7mlvn9Q
images/schedule.svg,LZlm0ZKxQZj7eE4GejUhQSAmxGIyulZtpTCWoolS5EM
images/add_circle.svg,DY6B5DRpNltg0oIQ_MHKzEuOnaiWMFjC8987YL27Wxw
images/Request.svg,Yew5_fzRj0IpSuWfen2xkaePA62POUDC0tTihPTRJq4
ms-icon-144x144.png,mitg4d3DGl2HsrXrWIZrrfW8qK5P_i3ROPmSlNMJtos
asset-manifest.json,tbl700xGyhfyBuS1yP6M3bhwrk5mk9_OUC8bReH2HRc
ms-icon-310x310.png,AYsSaIDmRrohOQnLl7a5kpTUxRHraIUKfH4gxg48rFQ
ms-icon-150x150.png,O4Mj9QgHTpd_s6w5uRQ9dE6OrR4A0Q1maN0CY-e44D0
site.webmanifest,PwItUuBajlUIjHhPf5ZSohiEXUe691nsBxo-IlW86tQ
static/css/main.1665a3ff.css,CVj0OY04akWA7VvSla_3x6Jqek98C5wiVv-jiKrswcg
static/css/main.1665a3ff.css.map,5gT-P1I2SpU-pQ2dIjDYIPKN8ZiuAiHelV-OBkwLnhU
android-chrome-512x512.png,cHYAH1cRWZqFr8TRtz7NAlmjJ8XuxGvev1AaTH-9fhc
static/js/main.4e1202d7.js.LICENSE.txt,VwMjtoITvuWEASgj443Hi9upENvN8QMkm5b9Exbz6EM
static/js/main.4e1202d7.js,uu5aOGGQRrZHpbVlJOpulcgE9dCk6reaUEfCZUsMKwg
static/js/453.7a1db2eb.chunk.js,y4ZSHyaE17GyqN-YwHKIeD4mNlP6CjWSJC7Lq5MNAhI
static/js/453.7a1db2eb.chunk.js.map,56zbxJznPPx3fynMch3KImoZ6pOHOiV1DyfCy4_cR2o
robots.txt,5vOGWph-9ee9T5IBGMM-zU4WZs7f8KfOKGudZjRRMh4
favicon-32x32.png,CComJgSGwHnRVxsKOLcHaCRQbw7-ntbHEDrhIUeKQP4
static/js/main.4e1202d7.js.map,CA1dLRSC9s-q-lJ7kWOPwDLRAh82NLqot7hYEBdg59U
static/js/main.4a39df47.js.LICENSE.txt,DayzrUvql9PVbZZJ7xkeyAsjgOpDoRNmdZqqj9mxaSo
static/js/main.4a39df47.js,xV4X30Ylc9RODmo67tT_2fH6gY6iVC-0AoilaBY9DDI
static/js/main.4a39df47.js.map,sWcfnIXr3DULk0y4DfhPJmiBszUEjxEWLNm7Ts_KPrQ
favicon/favicon-16x16.png,aANOMGkWzX4BCT_JymyK2yBfKCrBiB_gHzOs4m2elu0
favicon/android-chrome-192x192.png,D8EDcxNjW76aOOJdcDTUitV7lQ8qpgflUd5lrCPOggM
favicon/favicon.ico,pSboIQ9Cy4C48s7egQYKnR3mcYDTo__sYxHK83B4How
favicon/apple-touch-icon.png,y5npWkm7B7wi0tPVhSP1thhsnR_r8uacbrnNT1UKKko
favicon/ms-icon-310x310.png,MwK-NwDni_O1D36vpc-suu7q2w-fDIotTR8gs2Tirzc
favicon/ms-icon-144x144.png,dIIuvQ9kJZhpJQY6EkA7TgNiCetURTRcoxSAzO5D7VI
favicon/ms-icon-150x150.png,XQdyJhloYQ4A9ewZKjHq1FssMiO_qfj288kXwYrlRb8
favicon/site.webmanifest,4VykKLzzM-hv_1mdx1vzUKiKQ4bklw8rZ_tdhF2DgPg
favicon/android-chrome-512x512.png,u72tNYBFgRVTMPIWp4zC3BNYs5up72s-NpjFuSYz0nw
favicon/robots.txt,7bZB6KKm8nHM-wnJO8mXPTY_mbJOExkbjMfNg1OOQJ4
favicon/favicon-32x32.png,7qsVn04t0UWvYPRpuf3MHJjyWsVxPKTqjkuYW5_RFOM
static/js/main.4e77b587.js.LICENSE.txt,6GAxQhjo8QHTZtfwEj0AKhvLeEqWpDCC4jc9k13A_A8
static/js/main.4e77b587.js,-fNHhw2tc-988325aL-YunNDQzCItjLDC_4Ntkx68V8
static/js/main.4e77b587.js.map,A44s08P1atdkh3Y0XKzNxnONDICS8dmakRjZlrCitsw
static/js/main.bcbf8116.js.LICENSE.txt,rl2r7D-T96GZPGtvpIJlu7ynysUTQl5eFzegpK1A_dA
static/js/main.bcbf8116.js,WNN5OQBjZG87T20unokeDeKvnMQA53gddDkt1K7_x64
static/js/main.bcbf8116.js.map,epoiJuf_F3d0fdkNFdzN_vcAWg6wvNtIkmDe8KU3h3c
static/js/main.a04f97d7.js.LICENSE.txt,LmPbIYNJAPBaDSj4ETasRIAhTisQ0CpFbMQRzTDiWE8
static/js/main.a04f97d7.js,bJka02WNjvpTFYCdgrrPG9jg537s6I7MzC1kkNoAMJs
static/js/main.a04f97d7.js.map,7hmqWGkObqp0oOWz0iwk1CqjMjvvGvq_zbvOgbs6dy8
static/js/main.571d8b77.js.LICENSE.txt,dIvm5bxWko7VAXQ0diTk0-xd4Zq8UWiAmojai0Q8J9A
static/js/main.571d8b77.js,CW3iLQC8keyjt1tRDXjjlsSaf8kxZIypLxqIhc61Wl0
static/js/main.571d8b77.js.map,tFvsVh0QQFJwjRdFTlMTwzWBi-LmcZNf9la91neOCd4
images/new_invoice.svg,jajyHg8RutRYCvEL8H6qHTt1QY35ytgxjqY2chNHNzw
static/js/main.1fb16d51.js.LICENSE.txt,I9ATj4_j3UjOPljJmfMdVs-vPaDaJu_0iawbJnQNJ3Y
static/js/main.1fb16d51.js,_X3uUvpCx3ZZYjjWK584LKjyFYaYX_A8GPT5i7yMRC4
static/js/main.1fb16d51.js.map,uAu3K1gMHAGrxdn35UkkXxH2iZPAg8Bj2NO2mjVT8I8
static/js/main.eb4fb62b.js.LICENSE.txt,GK1JueM-KgN_P2aq1xSDvAJ6PSHi6oKsnfpQQdevkCo
static/js/main.eb4fb62b.js,mL_9pap4YOmtvTzpdjqdcBKUHndNg6NIhow0yMGxCQw
static/js/main.eb4fb62b.js.map,PloDCoUJJrwzY4-4bsKoTUxDS9wlzm10_Irjt4z_IIw
images/new_invoice.png,rBA0EBKWs04-6lHBEDOBw48_9xnlWA9rFngviuqg0bQ
static/js/main.1627c8eb.js.LICENSE.txt,oh3mFERFqNVJIihybUa7QQpzZq2jVfBDJ5WEjNPYj2Y
static/js/main.1627c8eb.js,eOSoWortSNK-qsEbdszNfyj1JJcZloDjBrOr--X544o
static/js/main.1627c8eb.js.map,TcrEikTrxDWzRxst_xbdDnHcVmYUGMXDRe-SaRlsrGQ
images/purple_icons/.DS_Store,t-EG0JTzopTohDRasONh2_ALoEaBUW7NJJ0j2dBLJgQ
static/js/main.2f262aa9.js.LICENSE.txt,GSt5Gk3xx3kx9i20dkfnxDCDH7KxxzamWtk6Z-NNfe4
images/purple_icons/new_invoice.svg,fIqbUjC8Gb3NqoSwWvc0pPMQY_rMRRaIqrPzyPd02nI
static/js/main.2f262aa9.js,m5XZR6fIDVBoin2rreOfGORM0m6wQUqGdwcanxfhjEI
static/js/main.2f262aa9.js.map,-g_GP9Wui9VOWktUBLX-s2J6eYYpSlo9Ya6g9teUHuk
static/js/main.638c8c35.js.LICENSE.txt,24oSUq2MxM9FoHyJkKXLn32Tg53tRSHPcTlmqSSTkEg
static/js/main.638c8c35.js,and2NMsg7qhITslLIRPY9DINNz9R6mcueAl-em6F1r4
static/js/main.638c8c35.js.map,Xt_a8rGScMKZG8odQB9kwFrwynOpED2QKPaZeZwc5SU
static/js/main.fe9cb348.js.LICENSE.txt,k2ysD7Nw5ZqLpkrwUp6AU8x5Gzz6e5sTDMmi2lUhucQ
static/js/main.fe9cb348.js,LG7Gb3D9hN9msHoeZtkp8wujc_Dv8WZ4giR_eNP5Ee4
static/js/main.fe9cb348.js.map,D4a9Z33ee4MEUS_K2CdhrcwMdjYawHN0ACeKo-g8xYI
